users,v_title,Liked
Kathir,TRY NOT TO LAUGH or GRIN: DeStorm Power Vines - Funny Vines Compilation 2017 | Life Awesome,1
Kathir,Try Not To Laugh Challenge #4,1
Kathir,IMPOSSIBLE NOT TO LAUGH - Funny school fail compilation,1
Kathir,"IF YOU LAUGH, YOU LOSE (87% FAIL)",1
Kathir,*I BET  MY KIDNEY YOU WILL LAUGH**,1
Kathir,TRY NOT TO LAUGH or GRIN: Funny Pranks Vines Compilation 2017 | Best Pranks Vines May 2017,1
Kathir,TRY NOT TO LAUGH or GRIN: Funny Animals Vines Compilation 2017 | Funny Animals and Kids Fails Vines,1
Kathir,TRY NOT TO LAUGH or GRIN: Funny Kids Fails Compilation 2017 | Best Kids Fails that Make Us Laugh,1
Kathir,FUNNY VIDEOS that will make you LAUGH INSANELY - Funny compilation,1
Kathir,Try Not to Laugh Challenge with Jenn and Margeaux. Totally TV  Video for Kids.,1
Kathir,Kpop Try Not To Laugh Challenge #8,1
Kathir,Try Not To Laugh or Grin While Watching Funny Prank Vines - Best Viners 2017,1
Kathir,Try Not To Laugh: SAVAGE 100000000% EDITION,1
Kathir,"Wanna LAUGH LIKE HELL, WATCH THIS! - Super FUNNY MOMENTS & FAILS compilation",1
Kathir,TRY NOT TO LAUGH or GRIN Funny Fails Vines Compilation 2017 | The Best Fails Vines Videos May 2017,1
Kathir,TRY NOT TO LAUGH CHALLENGE,0
Kathir,*The Real* Try Not To Laugh or Grin Challenge Hardest Version,0
Kathir,LAUGH LIKE NEVER BEFORE - Funniest ANIMAL compilation,0
Kathir,TRY NOT TO LAUGH or GRIN Funny Fails Vines Compilation 2017 | Best Fails Vines Video by Life Awesome,0
Kathir,TRY NOT TO LAUGH or GRIN: Funny Fails Vines Compilation 2017 | Best Kids Fails Funny Videos 2017,0
Kathir,You laugh you lose #17 - Try not to laugh challenge Dank Memes May 2017,0
Kathir,TRY NOT TO LAUGH or GRIN: Funny Fails Vines Compilation 2017 | Best Pranks Fails & Funny Videos 2017,0
Kathir,"If you don't laugh, you have no soul...Part 3",0
Kathir,RUDE: NATO Leaders Laughing at President Donald Trump Calls on NATO Allies to Pay Their 'Fair Share',0
Kathir,THE BOSS BABY Craziness #1 | TRY TO LAUGH | The Boss Baby funny moments,0
Kathir,THE BOSS BABY Funniest FACE SWAPS Crazziness - TRY NOT TO LAUGH,0
Kathir,TRY NOT TO LAUGH or GRIN: Funny Fails Vines Compilation 2017 ðŸ”µ Best Fails Vines April 2017,0
Kathir,Try Not To Laugh - Funny Animals Compilation 2017 *Part 4*,0
Kathir,*IMPOSSIBLE CHALLENGE* Try Not to Laugh or Grin While Watching This #4 !!!,0
Kathir,*TRY NOT TO LAUGH or GRIN* Ultimate Funny Vines Compilation 2017 (w/Titles) by Life Awesome,0
Kathir,TRY NOT TO LAUGH or GRIN Watching Funny Kids Fails Compilation 2017 | Best Fails Vines of May 2017,0
Kathir,TRY NOT TO LAUGH or GRIN: Funny Animals Vines Compilation 2017 | Funny Animals Fails Make us Laugh,0
Kathir,Try Not To Laugh or Grin - Funny Kids Fails Vines Compilation 2016 (Part 14),0
Kathir,TRY NOT TO LAUGH or GRIN: Funny Fails Compilation 2017 |  Best Fails Vines May 2017,0
Kathir,You laugh you lose #16 - Try not to laugh challenge Dank Memes May 2017,0
Kathir,Try Not To Laugh Funny Animals Vines - Best Vine Compilation 2017 | Funny Kids at the Zoo Edition,0
Kathir,"If you don't laugh, you have no soul...",0
Kathir,TRY NOT TO LAUGH or GRIN: Funny Kids Fails Compilation 2017 | Best Funny Kids Videos May 2017,1
Kathir,Try Not To Laugh Watching Funny Fails Compilation March 2017 #4 - Co Vinesâœ”,1
Kathir,TRY NOT TO LAUGH or GRIN: Funny Fails Compilation 2017 - Top 100 Funny Fails Vines Video Ever,1
Kathir,Try Not To Laugh or Grin - BEST Facebook & Instagram Videos May 2017 | Funny Vines compilation 2017,1
Kathir,TRY NOT TO LAUGH Funny Animals Vines Compilation - Best Funny Videos of Animals Doing Stupid Things,1
Kathir,TRY NOT TO LAUGH or GRIN: Funny Kids Fails Compilation 2017 | Best Kids Fails Vines of May 2017,1
Kathir,The Best Try Not To Laugh of May 2017 (Dank Memes Edition) Part 2,1
Kathir,TRY NOT TO LAUGH or GRIN Funny Animals Doing Stupid Things #2 | Funny Animals Vines Compilation 2017,1
Kathir,HARDEST VERSION AFV Try Not to Laugh or Grin While Watching Funniest Vines of best funny videos 2017,1
Kathir,TRY NOT TO LAUGH or GRIN - Funny Fails Compilation 2017,1
Kathir,Try Not To Laugh or Grin: Funny Vines Compilation 2017 | Best Facebook & Instagram Vines May 2017,1
Kathir,Try to Watch This Without Laughing or Grinning #50 (REACT),1
Kathir,TRY NOT TO LAUGH (IMPOSSIBLE CHALLENGE) PART 2,1
Kathir,v_title,1
Kathir,Caught My Girlfriend Cheating Prank!,1
Kathir,THE BEST PRANK OF ALL TIME!!!,1
Kathir,GIANT WUBBLE BUBBLE CAR PRANK!,1
Kathir,CAUGHT CHEATING on my Girlfriend PRANK!,1
Kathir,Naga Chaitanya Prank call to Samantha | Samantha`s epic punch | MUST WATCH | rarandoi veduka chuddam,1
Kathir,CUTTING HEADPHONES AT GYM PRANK - 2017 Pranks,0
Kathir,"CRAZY PRANK ON GIRLFRIEND!! (10,000 RED CUPS)",0
Kathir,ITCHING BAIT PHONE PRANK!!,0
Kathir,Break Up PRANK turns into PROPOSAL! GONE WRONG!,0
Kathir,"DROPPING $100,000 PRANK!!",0
Kathir,BREAKING UP WITH MY GIRLFRIEND *PRANK* GONE WRONG,0
Kathir,My BRO has to STOP **PRANK!**,0
Kathir,Asian Nintendo Switch Addiction Prank,0
Kathir,Bait Backpack Water Balloon Prank,0
Kathir,TATTOO PRANK!! (GONE WRONG),0
Kathir,SHAMPOO PRANK PART 7! | HoomanTV,0
Kathir,GOLD DIGGER PRANK PART 1! | HoomanTV,0
Kathir,BLINDFOLD PRANK ON MY GIRLFRIEND,0
Kathir,GOLD DIGGER PRANK PART 3! | HoomanTV,1
Kathir,CRAZY SNAKE PRANK ON GIRLFRIEND!!!,1
Kathir,WE GOT JAKE PAUL ARRESTED! *PRANK WARS*,1
Kathir,Bait Backpack Prank,1
Kathir,Old Man Street Workout Prank | Muscle Madness,1
Kathir,GOLD DIGGER PRANK PART 2! | HoomanTV,1
Kathir,ðŸ‘‘ Tying Peoples Shoes and Stealing their Stuff Prank,1
Kathir,Kissing Prank - Socks EDITION - Prank Invasion 2017,1
Kathir,FUNNY PRANKS!! ROOMMATE WARS!! Alisha Marie,1
Kathir,Headless man Prank part 2 (slaughter version)- Julien magic,1
Kathir,PIZZA DELIVERY PRANK ON MY GIRLFRIEND'S STALKER (GONE WRONG!!!),1
Kathir,MOR FORELSKET I ALBERT! (PRANK),1
Kathir,we got KICKED OUT of our home! (PRANK WARS),1
Kathir,Killer Clown 9 Scare Prank - Shadow Plays,1
Kathir,SLIME PRANK ON BROTHERS CAR!,1
Kathir,Bought Fake Louis Vuitton Prank/Gold Digger Test!,1
Kathir,PRANK ARAB BOMB 2017,0
Kathir,| Airport Sending Prank | Flight is Ready By Nadir Ali in P4 Pakao,0
Kathir,SHAMPOO PRANK PART 9! | HoomanTV,0
Kathir,THE WORST PRANK OF ALL TIME!!!! (EPIC FAIL),0
Kathir,I WANT TO MAKE A BABY WITH YOU PRANK!! (CRYING),0
Kathir,Spiderman Prank Joker into a Lake Elsa Love Superman Pregnant Doctor Injections Anna Superhero funny,0
Kathir,DJANI LYRICS PRANK NA MOJOJ BIVSOJ DJEVOJCI !,0
Kathir,1 MILLION ORBEEZ IN GIRLFRIEND'S CAR PRANK!,0
Kathir,FIDGET SPINNER IN HAPPY MEAL PRANK,0
Kathir,Best Prank Vines Compilation | Top Pranks Vines April 2016,0
Kathir,TYVERI PRANK PÃ… KRISTIAN,0
Kathir,PRANK VOLER LA VOITURE DES GENS,0
Kathir,Epic Prank Compilation: Parents Prank Kids,0
Kathir,10 PRANK SERU YG GAMPANG DILAKUKAN DI RUMAH TAPI BIKIN KESEL BANGET!!!,0
Sundhar,TRY NOT TO LAUGH or GRIN: DeStorm Power Vines - Funny Vines Compilation 2017 | Life Awesome,0
Sundhar,Try Not To Laugh Challenge #4,0
Sundhar,IMPOSSIBLE NOT TO LAUGH - Funny school fail compilation,0
Sundhar,"IF YOU LAUGH, YOU LOSE (87% FAIL)",0
Sundhar,*I BET  MY KIDNEY YOU WILL LAUGH**,0
Sundhar,TRY NOT TO LAUGH or GRIN: Funny Pranks Vines Compilation 2017 | Best Pranks Vines May 2017,0
Sundhar,TRY NOT TO LAUGH or GRIN: Funny Animals Vines Compilation 2017 | Funny Animals and Kids Fails Vines,0
Sundhar,TRY NOT TO LAUGH or GRIN: Funny Kids Fails Compilation 2017 | Best Kids Fails that Make Us Laugh,0
Sundhar,FUNNY VIDEOS that will make you LAUGH INSANELY - Funny compilation,0
Sundhar,Try Not to Laugh Challenge with Jenn and Margeaux. Totally TV  Video for Kids.,0
Sundhar,Kpop Try Not To Laugh Challenge #8,0
Sundhar,Try Not To Laugh or Grin While Watching Funny Prank Vines - Best Viners 2017,0
Sundhar,Try Not To Laugh: SAVAGE 100000000% EDITION,0
Sundhar,"Wanna LAUGH LIKE HELL, WATCH THIS! - Super FUNNY MOMENTS & FAILS compilation",0
Sundhar,TRY NOT TO LAUGH or GRIN Funny Fails Vines Compilation 2017 | The Best Fails Vines Videos May 2017,0
Sundhar,TRY NOT TO LAUGH CHALLENGE,0
Sundhar,*The Real* Try Not To Laugh or Grin Challenge Hardest Version,0
Sundhar,LAUGH LIKE NEVER BEFORE - Funniest ANIMAL compilation,0
Sundhar,TRY NOT TO LAUGH or GRIN Funny Fails Vines Compilation 2017 | Best Fails Vines Video by Life Awesome,0
Sundhar,TRY NOT TO LAUGH or GRIN: Funny Fails Vines Compilation 2017 | Best Kids Fails Funny Videos 2017,0
Sundhar,You laugh you lose #17 - Try not to laugh challenge Dank Memes May 2017,0
Sundhar,TRY NOT TO LAUGH or GRIN: Funny Fails Vines Compilation 2017 | Best Pranks Fails & Funny Videos 2017,0
Sundhar,"If you don't laugh, you have no soul...Part 3",0
Sundhar,RUDE: NATO Leaders Laughing at President Donald Trump Calls on NATO Allies to Pay Their 'Fair Share',0
Sundhar,THE BOSS BABY Craziness #1 | TRY TO LAUGH | The Boss Baby funny moments,0
Sundhar,THE BOSS BABY Funniest FACE SWAPS Crazziness - TRY NOT TO LAUGH,0
Sundhar,TRY NOT TO LAUGH or GRIN: Funny Fails Vines Compilation 2017 ðŸ”µ Best Fails Vines April 2017,0
Sundhar,Try Not To Laugh - Funny Animals Compilation 2017 *Part 4*,0
Sundhar,*IMPOSSIBLE CHALLENGE* Try Not to Laugh or Grin While Watching This #4 !!!,0
Sundhar,*TRY NOT TO LAUGH or GRIN* Ultimate Funny Vines Compilation 2017 (w/Titles) by Life Awesome,0
Sundhar,TRY NOT TO LAUGH or GRIN Watching Funny Kids Fails Compilation 2017 | Best Fails Vines of May 2017,0
Sundhar,TRY NOT TO LAUGH or GRIN: Funny Animals Vines Compilation 2017 | Funny Animals Fails Make us Laugh,0
Sundhar,Try Not To Laugh or Grin - Funny Kids Fails Vines Compilation 2016 (Part 14),0
Sundhar,TRY NOT TO LAUGH or GRIN: Funny Fails Compilation 2017 |  Best Fails Vines May 2017,0
Sundhar,You laugh you lose #16 - Try not to laugh challenge Dank Memes May 2017,0
Sundhar,Try Not To Laugh Funny Animals Vines - Best Vine Compilation 2017 | Funny Kids at the Zoo Edition,0
Sundhar,"If you don't laugh, you have no soul...",0
Sundhar,TRY NOT TO LAUGH or GRIN: Funny Kids Fails Compilation 2017 | Best Funny Kids Videos May 2017,0
Sundhar,Try Not To Laugh Watching Funny Fails Compilation March 2017 #4 - Co Vinesâœ”,0
Sundhar,TRY NOT TO LAUGH or GRIN: Funny Fails Compilation 2017 - Top 100 Funny Fails Vines Video Ever,0
Sundhar,Try Not To Laugh or Grin - BEST Facebook & Instagram Videos May 2017 | Funny Vines compilation 2017,0
Sundhar,TRY NOT TO LAUGH Funny Animals Vines Compilation - Best Funny Videos of Animals Doing Stupid Things,0
Sundhar,TRY NOT TO LAUGH or GRIN: Funny Kids Fails Compilation 2017 | Best Kids Fails Vines of May 2017,0
Sundhar,The Best Try Not To Laugh of May 2017 (Dank Memes Edition) Part 2,0
Sundhar,TRY NOT TO LAUGH or GRIN Funny Animals Doing Stupid Things #2 | Funny Animals Vines Compilation 2017,0
Sundhar,HARDEST VERSION AFV Try Not to Laugh or Grin While Watching Funniest Vines of best funny videos 2017,0
Sundhar,TRY NOT TO LAUGH or GRIN - Funny Fails Compilation 2017,0
Sundhar,Try Not To Laugh or Grin: Funny Vines Compilation 2017 | Best Facebook & Instagram Vines May 2017,0
Sundhar,Try to Watch This Without Laughing or Grinning #50 (REACT),0
Sundhar,TRY NOT TO LAUGH (IMPOSSIBLE CHALLENGE) PART 2,0
Sundhar,v_title,0
Sundhar,Caught My Girlfriend Cheating Prank!,0
Sundhar,THE BEST PRANK OF ALL TIME!!!,0
Sundhar,GIANT WUBBLE BUBBLE CAR PRANK!,0
Sundhar,CAUGHT CHEATING on my Girlfriend PRANK!,0
Sundhar,Naga Chaitanya Prank call to Samantha | Samantha`s epic punch | MUST WATCH | rarandoi veduka chuddam,0
Sundhar,CUTTING HEADPHONES AT GYM PRANK - 2017 Pranks,0
Sundhar,"CRAZY PRANK ON GIRLFRIEND!! (10,000 RED CUPS)",0
Sundhar,ITCHING BAIT PHONE PRANK!!,0
Sundhar,Break Up PRANK turns into PROPOSAL! GONE WRONG!,0
Sundhar,"DROPPING $100,000 PRANK!!",0
Sundhar,BREAKING UP WITH MY GIRLFRIEND *PRANK* GONE WRONG,0
Sundhar,My BRO has to STOP **PRANK!**,0
Sundhar,Asian Nintendo Switch Addiction Prank,0
Sundhar,Bait Backpack Water Balloon Prank,0
Sundhar,TATTOO PRANK!! (GONE WRONG),0
Sundhar,SHAMPOO PRANK PART 7! | HoomanTV,0
Sundhar,GOLD DIGGER PRANK PART 1! | HoomanTV,0
Sundhar,BLINDFOLD PRANK ON MY GIRLFRIEND,0
Sundhar,GOLD DIGGER PRANK PART 3! | HoomanTV,0
Sundhar,CRAZY SNAKE PRANK ON GIRLFRIEND!!!,0
Sundhar,WE GOT JAKE PAUL ARRESTED! *PRANK WARS*,0
Sundhar,Bait Backpack Prank,0
Sundhar,Old Man Street Workout Prank | Muscle Madness,0
Sundhar,GOLD DIGGER PRANK PART 2! | HoomanTV,0
Sundhar,ðŸ‘‘ Tying Peoples Shoes and Stealing their Stuff Prank,0
Sundhar,Kissing Prank - Socks EDITION - Prank Invasion 2017,0
Sundhar,FUNNY PRANKS!! ROOMMATE WARS!! Alisha Marie,0
Sundhar,Headless man Prank part 2 (slaughter version)- Julien magic,1
Sundhar,PIZZA DELIVERY PRANK ON MY GIRLFRIEND'S STALKER (GONE WRONG!!!),1
Sundhar,MOR FORELSKET I ALBERT! (PRANK),1
Sundhar,we got KICKED OUT of our home! (PRANK WARS),1
Sundhar,Killer Clown 9 Scare Prank - Shadow Plays,1
Sundhar,SLIME PRANK ON BROTHERS CAR!,1
Sundhar,Bought Fake Louis Vuitton Prank/Gold Digger Test!,1
Sundhar,PRANK ARAB BOMB 2017,1
Sundhar,| Airport Sending Prank | Flight is Ready By Nadir Ali in P4 Pakao,1
Sundhar,SHAMPOO PRANK PART 9! | HoomanTV,1
Sundhar,THE WORST PRANK OF ALL TIME!!!! (EPIC FAIL),1
Sundhar,I WANT TO MAKE A BABY WITH YOU PRANK!! (CRYING),1
Sundhar,Spiderman Prank Joker into a Lake Elsa Love Superman Pregnant Doctor Injections Anna Superhero funny,1
Sundhar,DJANI LYRICS PRANK NA MOJOJ BIVSOJ DJEVOJCI !,1
Sundhar,1 MILLION ORBEEZ IN GIRLFRIEND'S CAR PRANK!,1
Sundhar,FIDGET SPINNER IN HAPPY MEAL PRANK,1
Sundhar,Best Prank Vines Compilation | Top Pranks Vines April 2016,1
Sundhar,TYVERI PRANK PÃ… KRISTIAN,1
Sundhar,PRANK VOLER LA VOITURE DES GENS,1
Sundhar,Epic Prank Compilation: Parents Prank Kids,1
Sundhar,10 PRANK SERU YG GAMPANG DILAKUKAN DI RUMAH TAPI BIKIN KESEL BANGET!!!,1
MSD,TRY NOT TO LAUGH or GRIN: DeStorm Power Vines - Funny Vines Compilation 2017 | Life Awesome,1
MSD,Try Not To Laugh Challenge #4,1
MSD,IMPOSSIBLE NOT TO LAUGH - Funny school fail compilation,1
MSD,"IF YOU LAUGH, YOU LOSE (87% FAIL)",0
MSD,*I BET  MY KIDNEY YOU WILL LAUGH**,1
MSD,TRY NOT TO LAUGH or GRIN: Funny Pranks Vines Compilation 2017 | Best Pranks Vines May 2017,0
MSD,TRY NOT TO LAUGH or GRIN: Funny Animals Vines Compilation 2017 | Funny Animals and Kids Fails Vines,1
MSD,TRY NOT TO LAUGH or GRIN: Funny Kids Fails Compilation 2017 | Best Kids Fails that Make Us Laugh,0
MSD,FUNNY VIDEOS that will make you LAUGH INSANELY - Funny compilation,0
MSD,Try Not to Laugh Challenge with Jenn and Margeaux. Totally TV  Video for Kids.,0
MSD,Kpop Try Not To Laugh Challenge #8,0
MSD,Try Not To Laugh or Grin While Watching Funny Prank Vines - Best Viners 2017,0
MSD,Try Not To Laugh: SAVAGE 100000000% EDITION,0
MSD,"Wanna LAUGH LIKE HELL, WATCH THIS! - Super FUNNY MOMENTS & FAILS compilation",0
MSD,TRY NOT TO LAUGH or GRIN Funny Fails Vines Compilation 2017 | The Best Fails Vines Videos May 2017,0
MSD,TRY NOT TO LAUGH CHALLENGE,0
MSD,*The Real* Try Not To Laugh or Grin Challenge Hardest Version,0
MSD,LAUGH LIKE NEVER BEFORE - Funniest ANIMAL compilation,0
MSD,TRY NOT TO LAUGH or GRIN Funny Fails Vines Compilation 2017 | Best Fails Vines Video by Life Awesome,0
MSD,TRY NOT TO LAUGH or GRIN: Funny Fails Vines Compilation 2017 | Best Kids Fails Funny Videos 2017,0
MSD,You laugh you lose #17 - Try not to laugh challenge Dank Memes May 2017,0
MSD,TRY NOT TO LAUGH or GRIN: Funny Fails Vines Compilation 2017 | Best Pranks Fails & Funny Videos 2017,0
MSD,"If you don't laugh, you have no soul...Part 3",0
MSD,RUDE: NATO Leaders Laughing at President Donald Trump Calls on NATO Allies to Pay Their 'Fair Share',0
MSD,THE BOSS BABY Craziness #1 | TRY TO LAUGH | The Boss Baby funny moments,0
MSD,THE BOSS BABY Funniest FACE SWAPS Crazziness - TRY NOT TO LAUGH,0
MSD,TRY NOT TO LAUGH or GRIN: Funny Fails Vines Compilation 2017 ðŸ”µ Best Fails Vines April 2017,0
MSD,Try Not To Laugh - Funny Animals Compilation 2017 *Part 4*,0
MSD,*IMPOSSIBLE CHALLENGE* Try Not to Laugh or Grin While Watching This #4 !!!,0
MSD,*TRY NOT TO LAUGH or GRIN* Ultimate Funny Vines Compilation 2017 (w/Titles) by Life Awesome,0
MSD,TRY NOT TO LAUGH or GRIN Watching Funny Kids Fails Compilation 2017 | Best Fails Vines of May 2017,0
MSD,TRY NOT TO LAUGH or GRIN: Funny Animals Vines Compilation 2017 | Funny Animals Fails Make us Laugh,0
MSD,Try Not To Laugh or Grin - Funny Kids Fails Vines Compilation 2016 (Part 14),0
MSD,TRY NOT TO LAUGH or GRIN: Funny Fails Compilation 2017 |  Best Fails Vines May 2017,1
MSD,You laugh you lose #16 - Try not to laugh challenge Dank Memes May 2017,1
MSD,Try Not To Laugh Funny Animals Vines - Best Vine Compilation 2017 | Funny Kids at the Zoo Edition,1
MSD,"If you don't laugh, you have no soul...",1
MSD,TRY NOT TO LAUGH or GRIN: Funny Kids Fails Compilation 2017 | Best Funny Kids Videos May 2017,1
MSD,Try Not To Laugh Watching Funny Fails Compilation March 2017 #4 - Co Vinesâœ”,1
MSD,TRY NOT TO LAUGH or GRIN: Funny Fails Compilation 2017 - Top 100 Funny Fails Vines Video Ever,1
MSD,Try Not To Laugh or Grin - BEST Facebook & Instagram Videos May 2017 | Funny Vines compilation 2017,1
MSD,TRY NOT TO LAUGH Funny Animals Vines Compilation - Best Funny Videos of Animals Doing Stupid Things,1
MSD,TRY NOT TO LAUGH or GRIN: Funny Kids Fails Compilation 2017 | Best Kids Fails Vines of May 2017,1
MSD,The Best Try Not To Laugh of May 2017 (Dank Memes Edition) Part 2,1
MSD,TRY NOT TO LAUGH or GRIN Funny Animals Doing Stupid Things #2 | Funny Animals Vines Compilation 2017,1
MSD,HARDEST VERSION AFV Try Not to Laugh or Grin While Watching Funniest Vines of best funny videos 2017,1
MSD,TRY NOT TO LAUGH or GRIN - Funny Fails Compilation 2017,1
MSD,Try Not To Laugh or Grin: Funny Vines Compilation 2017 | Best Facebook & Instagram Vines May 2017,1
MSD,Try to Watch This Without Laughing or Grinning #50 (REACT),1
MSD,TRY NOT TO LAUGH (IMPOSSIBLE CHALLENGE) PART 2,1
MSD,Caught My Girlfriend Cheating Prank!,1
MSD,THE BEST PRANK OF ALL TIME!!!,1
MSD,GIANT WUBBLE BUBBLE CAR PRANK!,1
MSD,CAUGHT CHEATING on my Girlfriend PRANK!,1
MSD,Naga Chaitanya Prank call to Samantha | Samantha`s epic punch | MUST WATCH | rarandoi veduka chuddam,1
MSD,CUTTING HEADPHONES AT GYM PRANK - 2017 Pranks,1
MSD,"CRAZY PRANK ON GIRLFRIEND!! (10,000 RED CUPS)",1
MSD,ITCHING BAIT PHONE PRANK!!,1
MSD,Break Up PRANK turns into PROPOSAL! GONE WRONG!,1
MSD,"DROPPING $100,000 PRANK!!",0
MSD,BREAKING UP WITH MY GIRLFRIEND *PRANK* GONE WRONG,0
MSD,My BRO has to STOP **PRANK!**,0
MSD,Asian Nintendo Switch Addiction Prank,0
MSD,Bait Backpack Water Balloon Prank,0
MSD,TATTOO PRANK!! (GONE WRONG),0
MSD,SHAMPOO PRANK PART 7! | HoomanTV,0
MSD,GOLD DIGGER PRANK PART 1! | HoomanTV,0
MSD,BLINDFOLD PRANK ON MY GIRLFRIEND,0
MSD,GOLD DIGGER PRANK PART 3! | HoomanTV,0
MSD,CRAZY SNAKE PRANK ON GIRLFRIEND!!!,0
MSD,WE GOT JAKE PAUL ARRESTED! *PRANK WARS*,0
MSD,Bait Backpack Prank,0
MSD,Old Man Street Workout Prank | Muscle Madness,0
MSD,GOLD DIGGER PRANK PART 2! | HoomanTV,0
MSD,ðŸ‘‘ Tying Peoples Shoes and Stealing their Stuff Prank,0
MSD,Kissing Prank - Socks EDITION - Prank Invasion 2017,0
MSD,FUNNY PRANKS!! ROOMMATE WARS!! Alisha Marie,0
MSD,Headless man Prank part 2 (slaughter version)- Julien magic,0
MSD,PIZZA DELIVERY PRANK ON MY GIRLFRIEND'S STALKER (GONE WRONG!!!),0
MSD,MOR FORELSKET I ALBERT! (PRANK),0
MSD,we got KICKED OUT of our home! (PRANK WARS),0
MSD,Killer Clown 9 Scare Prank - Shadow Plays,1
MSD,SLIME PRANK ON BROTHERS CAR!,1
MSD,Bought Fake Louis Vuitton Prank/Gold Digger Test!,1
MSD,PRANK ARAB BOMB 2017,1
MSD,| Airport Sending Prank | Flight is Ready By Nadir Ali in P4 Pakao,1
MSD,SHAMPOO PRANK PART 9! | HoomanTV,1
MSD,THE WORST PRANK OF ALL TIME!!!! (EPIC FAIL),1
MSD,I WANT TO MAKE A BABY WITH YOU PRANK!! (CRYING),1
MSD,Spiderman Prank Joker into a Lake Elsa Love Superman Pregnant Doctor Injections Anna Superhero funny,1
MSD,DJANI LYRICS PRANK NA MOJOJ BIVSOJ DJEVOJCI !,1
MSD,1 MILLION ORBEEZ IN GIRLFRIEND'S CAR PRANK!,1
MSD,FIDGET SPINNER IN HAPPY MEAL PRANK,1
MSD,Best Prank Vines Compilation | Top Pranks Vines April 2016,1
MSD,TYVERI PRANK PÃ… KRISTIAN,1
MSD,PRANK VOLER LA VOITURE DES GENS,1
MSD,Epic Prank Compilation: Parents Prank Kids,1
MSD,10 PRANK SERU YG GAMPANG DILAKUKAN DI RUMAH TAPI BIKIN KESEL BANGET!!!,1
Chris,TRY NOT TO LAUGH or GRIN: DeStorm Power Vines - Funny Vines Compilation 2017 | Life Awesome,1
Chris,Try Not To Laugh Challenge #4,1
Chris,IMPOSSIBLE NOT TO LAUGH - Funny school fail compilation,1
Chris,"IF YOU LAUGH, YOU LOSE (87% FAIL)",1
Chris,*I BET  MY KIDNEY YOU WILL LAUGH**,1
Chris,TRY NOT TO LAUGH or GRIN: Funny Pranks Vines Compilation 2017 | Best Pranks Vines May 2017,0
Chris,TRY NOT TO LAUGH or GRIN: Funny Animals Vines Compilation 2017 | Funny Animals and Kids Fails Vines,0
Chris,TRY NOT TO LAUGH or GRIN: Funny Kids Fails Compilation 2017 | Best Kids Fails that Make Us Laugh,0
Chris,FUNNY VIDEOS that will make you LAUGH INSANELY - Funny compilation,0
Chris,Try Not to Laugh Challenge with Jenn and Margeaux. Totally TV  Video for Kids.,0
Chris,Kpop Try Not To Laugh Challenge #8,0
Chris,Try Not To Laugh or Grin While Watching Funny Prank Vines - Best Viners 2017,0
Chris,Try Not To Laugh: SAVAGE 100000000% EDITION,0
Chris,"Wanna LAUGH LIKE HELL, WATCH THIS! - Super FUNNY MOMENTS & FAILS compilation",0
Chris,TRY NOT TO LAUGH or GRIN Funny Fails Vines Compilation 2017 | The Best Fails Vines Videos May 2017,0
Chris,TRY NOT TO LAUGH CHALLENGE,0
Chris,*The Real* Try Not To Laugh or Grin Challenge Hardest Version,0
Chris,LAUGH LIKE NEVER BEFORE - Funniest ANIMAL compilation,0
Chris,TRY NOT TO LAUGH or GRIN Funny Fails Vines Compilation 2017 | Best Fails Vines Video by Life Awesome,0
Chris,TRY NOT TO LAUGH or GRIN: Funny Fails Vines Compilation 2017 | Best Kids Fails Funny Videos 2017,0
Chris,You laugh you lose #17 - Try not to laugh challenge Dank Memes May 2017,0
Chris,TRY NOT TO LAUGH or GRIN: Funny Fails Vines Compilation 2017 | Best Pranks Fails & Funny Videos 2017,0
Chris,"If you don't laugh, you have no soul...Part 3",0
Chris,RUDE: NATO Leaders Laughing at President Donald Trump Calls on NATO Allies to Pay Their 'Fair Share',0
Chris,THE BOSS BABY Craziness #1 | TRY TO LAUGH | The Boss Baby funny moments,0
Chris,THE BOSS BABY Funniest FACE SWAPS Crazziness - TRY NOT TO LAUGH,0
Chris,TRY NOT TO LAUGH or GRIN: Funny Fails Vines Compilation 2017 ðŸ”µ Best Fails Vines April 2017,0
Chris,Try Not To Laugh - Funny Animals Compilation 2017 *Part 4*,0
Chris,*IMPOSSIBLE CHALLENGE* Try Not to Laugh or Grin While Watching This #4 !!!,0
Chris,*TRY NOT TO LAUGH or GRIN* Ultimate Funny Vines Compilation 2017 (w/Titles) by Life Awesome,0
Chris,TRY NOT TO LAUGH or GRIN Watching Funny Kids Fails Compilation 2017 | Best Fails Vines of May 2017,0
Chris,TRY NOT TO LAUGH or GRIN: Funny Animals Vines Compilation 2017 | Funny Animals Fails Make us Laugh,1
Chris,Try Not To Laugh or Grin - Funny Kids Fails Vines Compilation 2016 (Part 14),1
Chris,TRY NOT TO LAUGH or GRIN: Funny Fails Compilation 2017 |  Best Fails Vines May 2017,1
Chris,You laugh you lose #16 - Try not to laugh challenge Dank Memes May 2017,1
Chris,Try Not To Laugh Funny Animals Vines - Best Vine Compilation 2017 | Funny Kids at the Zoo Edition,1
Chris,"If you don't laugh, you have no soul...",1
Chris,TRY NOT TO LAUGH or GRIN: Funny Kids Fails Compilation 2017 | Best Funny Kids Videos May 2017,1
Chris,Try Not To Laugh Watching Funny Fails Compilation March 2017 #4 - Co Vinesâœ”,1
Chris,TRY NOT TO LAUGH or GRIN: Funny Fails Compilation 2017 - Top 100 Funny Fails Vines Video Ever,1
Chris,Try Not To Laugh or Grin - BEST Facebook & Instagram Videos May 2017 | Funny Vines compilation 2017,1
Chris,TRY NOT TO LAUGH Funny Animals Vines Compilation - Best Funny Videos of Animals Doing Stupid Things,1
Chris,TRY NOT TO LAUGH or GRIN: Funny Kids Fails Compilation 2017 | Best Kids Fails Vines of May 2017,1
Chris,The Best Try Not To Laugh of May 2017 (Dank Memes Edition) Part 2,1
Chris,TRY NOT TO LAUGH or GRIN Funny Animals Doing Stupid Things #2 | Funny Animals Vines Compilation 2017,1
Chris,HARDEST VERSION AFV Try Not to Laugh or Grin While Watching Funniest Vines of best funny videos 2017,1
Chris,TRY NOT TO LAUGH or GRIN - Funny Fails Compilation 2017,1
Chris,Try Not To Laugh or Grin: Funny Vines Compilation 2017 | Best Facebook & Instagram Vines May 2017,1
Chris,Try to Watch This Without Laughing or Grinning #50 (REACT),1
Chris,TRY NOT TO LAUGH (IMPOSSIBLE CHALLENGE) PART 2,1
Chris,v_title,1
Chris,Caught My Girlfriend Cheating Prank!,1
Chris,THE BEST PRANK OF ALL TIME!!!,1
Chris,GIANT WUBBLE BUBBLE CAR PRANK!,1
Chris,CAUGHT CHEATING on my Girlfriend PRANK!,1
Chris,Naga Chaitanya Prank call to Samantha | Samantha`s epic punch | MUST WATCH | rarandoi veduka chuddam,1
Chris,CUTTING HEADPHONES AT GYM PRANK - 2017 Pranks,1
Chris,"CRAZY PRANK ON GIRLFRIEND!! (10,000 RED CUPS)",1
Chris,ITCHING BAIT PHONE PRANK!!,1
Chris,Break Up PRANK turns into PROPOSAL! GONE WRONG!,0
Chris,"DROPPING $100,000 PRANK!!",0
Chris,BREAKING UP WITH MY GIRLFRIEND *PRANK* GONE WRONG,0
Chris,My BRO has to STOP **PRANK!**,0
Chris,Asian Nintendo Switch Addiction Prank,0
Chris,Bait Backpack Water Balloon Prank,0
Chris,TATTOO PRANK!! (GONE WRONG),0
Chris,SHAMPOO PRANK PART 7! | HoomanTV,0
Chris,GOLD DIGGER PRANK PART 1! | HoomanTV,0
Chris,BLINDFOLD PRANK ON MY GIRLFRIEND,0
Chris,GOLD DIGGER PRANK PART 3! | HoomanTV,0
Chris,CRAZY SNAKE PRANK ON GIRLFRIEND!!!,0
Chris,WE GOT JAKE PAUL ARRESTED! *PRANK WARS*,0
Chris,Bait Backpack Prank,0
Chris,Old Man Street Workout Prank | Muscle Madness,0
Chris,GOLD DIGGER PRANK PART 2! | HoomanTV,1
Chris,ðŸ‘‘ Tying Peoples Shoes and Stealing their Stuff Prank,1
Chris,Kissing Prank - Socks EDITION - Prank Invasion 2017,1
Chris,FUNNY PRANKS!! ROOMMATE WARS!! Alisha Marie,1
Chris,Headless man Prank part 2 (slaughter version)- Julien magic,1
Chris,PIZZA DELIVERY PRANK ON MY GIRLFRIEND'S STALKER (GONE WRONG!!!),1
Chris,MOR FORELSKET I ALBERT! (PRANK),1
Chris,we got KICKED OUT of our home! (PRANK WARS),1
Chris,Killer Clown 9 Scare Prank - Shadow Plays,1
Chris,SLIME PRANK ON BROTHERS CAR!,1
Chris,Bought Fake Louis Vuitton Prank/Gold Digger Test!,1
Chris,PRANK ARAB BOMB 2017,1
Chris,| Airport Sending Prank | Flight is Ready By Nadir Ali in P4 Pakao,1
Chris,SHAMPOO PRANK PART 9! | HoomanTV,1
Chris,THE WORST PRANK OF ALL TIME!!!! (EPIC FAIL),1
Chris,I WANT TO MAKE A BABY WITH YOU PRANK!! (CRYING),1
Chris,Spiderman Prank Joker into a Lake Elsa Love Superman Pregnant Doctor Injections Anna Superhero funny,1
Chris,DJANI LYRICS PRANK NA MOJOJ BIVSOJ DJEVOJCI !,1
Chris,1 MILLION ORBEEZ IN GIRLFRIEND'S CAR PRANK!,1
Chris,FIDGET SPINNER IN HAPPY MEAL PRANK,1
Chris,Best Prank Vines Compilation | Top Pranks Vines April 2016,1
Chris,TYVERI PRANK PÃ… KRISTIAN,1
Chris,PRANK VOLER LA VOITURE DES GENS,1
Chris,Epic Prank Compilation: Parents Prank Kids,1
Patrick,10 PRANK SERU YG GAMPANG DILAKUKAN DI RUMAH TAPI BIKIN KESEL BANGET!!!,1
Patrick,TRY NOT TO LAUGH or GRIN: DeStorm Power Vines - Funny Vines Compilation 2017 | Life Awesome,1
Patrick,Try Not To Laugh Challenge #4,1
Patrick,IMPOSSIBLE NOT TO LAUGH - Funny school fail compilation,1
Patrick,"IF YOU LAUGH, YOU LOSE (87% FAIL)",1
Patrick,*I BET  MY KIDNEY YOU WILL LAUGH**,1
Patrick,TRY NOT TO LAUGH or GRIN: Funny Pranks Vines Compilation 2017 | Best Pranks Vines May 2017,1
Patrick,TRY NOT TO LAUGH or GRIN: Funny Animals Vines Compilation 2017 | Funny Animals and Kids Fails Vines,1
Patrick,TRY NOT TO LAUGH or GRIN: Funny Kids Fails Compilation 2017 | Best Kids Fails that Make Us Laugh,1
Patrick,FUNNY VIDEOS that will make you LAUGH INSANELY - Funny compilation,1
Patrick,Try Not to Laugh Challenge with Jenn and Margeaux. Totally TV  Video for Kids.,1
Patrick,Kpop Try Not To Laugh Challenge #8,0
Patrick,Try Not To Laugh or Grin While Watching Funny Prank Vines - Best Viners 2017,0
Patrick,Try Not To Laugh: SAVAGE 100000000% EDITION,0
Patrick,"Wanna LAUGH LIKE HELL, WATCH THIS! - Super FUNNY MOMENTS & FAILS compilation",0
Patrick,TRY NOT TO LAUGH or GRIN Funny Fails Vines Compilation 2017 | The Best Fails Vines Videos May 2017,0
Patrick,TRY NOT TO LAUGH CHALLENGE,0
Patrick,*The Real* Try Not To Laugh or Grin Challenge Hardest Version,0
Patrick,LAUGH LIKE NEVER BEFORE - Funniest ANIMAL compilation,0
Patrick,TRY NOT TO LAUGH or GRIN Funny Fails Vines Compilation 2017 | Best Fails Vines Video by Life Awesome,0
Patrick,TRY NOT TO LAUGH or GRIN: Funny Fails Vines Compilation 2017 | Best Kids Fails Funny Videos 2017,0
Patrick,You laugh you lose #17 - Try not to laugh challenge Dank Memes May 2017,0
Patrick,TRY NOT TO LAUGH or GRIN: Funny Fails Vines Compilation 2017 | Best Pranks Fails & Funny Videos 2017,0
Patrick,"If you don't laugh, you have no soul...Part 3",0
Patrick,RUDE: NATO Leaders Laughing at President Donald Trump Calls on NATO Allies to Pay Their 'Fair Share',0
Patrick,THE BOSS BABY Craziness #1 | TRY TO LAUGH | The Boss Baby funny moments,0
Patrick,THE BOSS BABY Funniest FACE SWAPS Crazziness - TRY NOT TO LAUGH,0
Patrick,TRY NOT TO LAUGH or GRIN: Funny Fails Vines Compilation 2017 ðŸ”µ Best Fails Vines April 2017,0
Patrick,Try Not To Laugh - Funny Animals Compilation 2017 *Part 4*,0
Patrick,*IMPOSSIBLE CHALLENGE* Try Not to Laugh or Grin While Watching This #4 !!!,0
Patrick,*TRY NOT TO LAUGH or GRIN* Ultimate Funny Vines Compilation 2017 (w/Titles) by Life Awesome,0
Patrick,TRY NOT TO LAUGH or GRIN Watching Funny Kids Fails Compilation 2017 | Best Fails Vines of May 2017,0
Patrick,TRY NOT TO LAUGH or GRIN: Funny Animals Vines Compilation 2017 | Funny Animals Fails Make us Laugh,0
Patrick,Try Not To Laugh or Grin - Funny Kids Fails Vines Compilation 2016 (Part 14),0
Patrick,TRY NOT TO LAUGH or GRIN: Funny Fails Compilation 2017 |  Best Fails Vines May 2017,0
Patrick,You laugh you lose #16 - Try not to laugh challenge Dank Memes May 2017,0
Patrick,Try Not To Laugh Funny Animals Vines - Best Vine Compilation 2017 | Funny Kids at the Zoo Edition,0
Patrick,"If you don't laugh, you have no soul...",0
Patrick,TRY NOT TO LAUGH or GRIN: Funny Kids Fails Compilation 2017 | Best Funny Kids Videos May 2017,1
Patrick,Try Not To Laugh Watching Funny Fails Compilation March 2017 #4 - Co Vinesâœ”,1
Patrick,TRY NOT TO LAUGH or GRIN: Funny Fails Compilation 2017 - Top 100 Funny Fails Vines Video Ever,1
Patrick,Try Not To Laugh or Grin - BEST Facebook & Instagram Videos May 2017 | Funny Vines compilation 2017,1
Patrick,TRY NOT TO LAUGH Funny Animals Vines Compilation - Best Funny Videos of Animals Doing Stupid Things,1
Patrick,TRY NOT TO LAUGH or GRIN: Funny Kids Fails Compilation 2017 | Best Kids Fails Vines of May 2017,1
Patrick,The Best Try Not To Laugh of May 2017 (Dank Memes Edition) Part 2,1
Patrick,TRY NOT TO LAUGH or GRIN Funny Animals Doing Stupid Things #2 | Funny Animals Vines Compilation 2017,1
Patrick,HARDEST VERSION AFV Try Not to Laugh or Grin While Watching Funniest Vines of best funny videos 2017,1
Patrick,TRY NOT TO LAUGH or GRIN - Funny Fails Compilation 2017,1
Patrick,Try Not To Laugh or Grin: Funny Vines Compilation 2017 | Best Facebook & Instagram Vines May 2017,1
Patrick,Try to Watch This Without Laughing or Grinning #50 (REACT),1
Patrick,TRY NOT TO LAUGH (IMPOSSIBLE CHALLENGE) PART 2,1
Patrick,v_title,1
Patrick,Caught My Girlfriend Cheating Prank!,1
Patrick,THE BEST PRANK OF ALL TIME!!!,1
Patrick,GIANT WUBBLE BUBBLE CAR PRANK!,1
Patrick,CAUGHT CHEATING on my Girlfriend PRANK!,1
Patrick,Naga Chaitanya Prank call to Samantha | Samantha`s epic punch | MUST WATCH | rarandoi veduka chuddam,1
Patrick,CUTTING HEADPHONES AT GYM PRANK - 2017 Pranks,1
Patrick,"CRAZY PRANK ON GIRLFRIEND!! (10,000 RED CUPS)",1
Patrick,ITCHING BAIT PHONE PRANK!!,1
Patrick,Break Up PRANK turns into PROPOSAL! GONE WRONG!,1
Patrick,"DROPPING $100,000 PRANK!!",1
Patrick,BREAKING UP WITH MY GIRLFRIEND *PRANK* GONE WRONG,1
Patrick,My BRO has to STOP **PRANK!**,1
Patrick,Asian Nintendo Switch Addiction Prank,1
Patrick,Bait Backpack Water Balloon Prank,1
Patrick,TATTOO PRANK!! (GONE WRONG),1
Patrick,SHAMPOO PRANK PART 7! | HoomanTV,1
Patrick,GOLD DIGGER PRANK PART 1! | HoomanTV,0
Patrick,BLINDFOLD PRANK ON MY GIRLFRIEND,0
Patrick,GOLD DIGGER PRANK PART 3! | HoomanTV,0
Patrick,CRAZY SNAKE PRANK ON GIRLFRIEND!!!,0
Patrick,WE GOT JAKE PAUL ARRESTED! *PRANK WARS*,0
Patrick,Bait Backpack Prank,0
Patrick,Old Man Street Workout Prank | Muscle Madness,0
Patrick,GOLD DIGGER PRANK PART 2! | HoomanTV,0
Patrick,ðŸ‘‘ Tying Peoples Shoes and Stealing their Stuff Prank,0
Patrick,Kissing Prank - Socks EDITION - Prank Invasion 2017,0
Patrick,FUNNY PRANKS!! ROOMMATE WARS!! Alisha Marie,0
Patrick,Headless man Prank part 2 (slaughter version)- Julien magic,0
Patrick,PIZZA DELIVERY PRANK ON MY GIRLFRIEND'S STALKER (GONE WRONG!!!),0
Patrick,MOR FORELSKET I ALBERT! (PRANK),0
Patrick,we got KICKED OUT of our home! (PRANK WARS),0
Patrick,Killer Clown 9 Scare Prank - Shadow Plays,0
Patrick,SLIME PRANK ON BROTHERS CAR!,0
Patrick,Bought Fake Louis Vuitton Prank/Gold Digger Test!,0
Patrick,PRANK ARAB BOMB 2017,1
Patrick,| Airport Sending Prank | Flight is Ready By Nadir Ali in P4 Pakao,1
Patrick,SHAMPOO PRANK PART 9! | HoomanTV,1
Patrick,THE WORST PRANK OF ALL TIME!!!! (EPIC FAIL),1
Patrick,I WANT TO MAKE A BABY WITH YOU PRANK!! (CRYING),1
Patrick,Spiderman Prank Joker into a Lake Elsa Love Superman Pregnant Doctor Injections Anna Superhero funny,1
Patrick,DJANI LYRICS PRANK NA MOJOJ BIVSOJ DJEVOJCI !,1
Patrick,1 MILLION ORBEEZ IN GIRLFRIEND'S CAR PRANK!,1
Patrick,FIDGET SPINNER IN HAPPY MEAL PRANK,1
Patrick,Best Prank Vines Compilation | Top Pranks Vines April 2016,1
Patrick,TYVERI PRANK PÃ… KRISTIAN,1
Patrick,PRANK VOLER LA VOITURE DES GENS,1
Patrick,Epic Prank Compilation: Parents Prank Kids,1
Patrick,10 PRANK SERU YG GAMPANG DILAKUKAN DI RUMAH TAPI BIKIN KESEL BANGET!!!,1
MarkZ,TRY NOT TO LAUGH or GRIN: DeStorm Power Vines - Funny Vines Compilation 2017 | Life Awesome,1
MarkZ,Try Not To Laugh Challenge #4,1
MarkZ,IMPOSSIBLE NOT TO LAUGH - Funny school fail compilation,1
MarkZ,"IF YOU LAUGH, YOU LOSE (87% FAIL)",1
MarkZ,*I BET  MY KIDNEY YOU WILL LAUGH**,1
MarkZ,TRY NOT TO LAUGH or GRIN: Funny Pranks Vines Compilation 2017 | Best Pranks Vines May 2017,1
MarkZ,TRY NOT TO LAUGH or GRIN: Funny Animals Vines Compilation 2017 | Funny Animals and Kids Fails Vines,1
MarkZ,TRY NOT TO LAUGH or GRIN: Funny Kids Fails Compilation 2017 | Best Kids Fails that Make Us Laugh,1
MarkZ,FUNNY VIDEOS that will make you LAUGH INSANELY - Funny compilation,1
MarkZ,Try Not to Laugh Challenge with Jenn and Margeaux. Totally TV  Video for Kids.,1
MarkZ,Kpop Try Not To Laugh Challenge #8,1
MarkZ,Try Not To Laugh or Grin While Watching Funny Prank Vines - Best Viners 2017,1
MarkZ,Try Not To Laugh: SAVAGE 100000000% EDITION,1
MarkZ,"Wanna LAUGH LIKE HELL, WATCH THIS! - Super FUNNY MOMENTS & FAILS compilation",1
MarkZ,TRY NOT TO LAUGH or GRIN Funny Fails Vines Compilation 2017 | The Best Fails Vines Videos May 2017,1
MarkZ,TRY NOT TO LAUGH CHALLENGE,1
MarkZ,*The Real* Try Not To Laugh or Grin Challenge Hardest Version,1
MarkZ,LAUGH LIKE NEVER BEFORE - Funniest ANIMAL compilation,1
MarkZ,TRY NOT TO LAUGH or GRIN Funny Fails Vines Compilation 2017 | Best Fails Vines Video by Life Awesome,1
MarkZ,TRY NOT TO LAUGH or GRIN: Funny Fails Vines Compilation 2017 | Best Kids Fails Funny Videos 2017,1
MarkZ,You laugh you lose #17 - Try not to laugh challenge Dank Memes May 2017,1
MarkZ,TRY NOT TO LAUGH or GRIN: Funny Fails Vines Compilation 2017 | Best Pranks Fails & Funny Videos 2017,1
MarkZ,"If you don't laugh, you have no soul...Part 3",1
MarkZ,RUDE: NATO Leaders Laughing at President Donald Trump Calls on NATO Allies to Pay Their 'Fair Share',1
MarkZ,THE BOSS BABY Craziness #1 | TRY TO LAUGH | The Boss Baby funny moments,1
MarkZ,THE BOSS BABY Funniest FACE SWAPS Crazziness - TRY NOT TO LAUGH,1
MarkZ,TRY NOT TO LAUGH or GRIN: Funny Fails Vines Compilation 2017 ðŸ”µ Best Fails Vines April 2017,1
MarkZ,Try Not To Laugh - Funny Animals Compilation 2017 *Part 4*,1
MarkZ,*IMPOSSIBLE CHALLENGE* Try Not to Laugh or Grin While Watching This #4 !!!,1
MarkZ,*TRY NOT TO LAUGH or GRIN* Ultimate Funny Vines Compilation 2017 (w/Titles) by Life Awesome,1
MarkZ,TRY NOT TO LAUGH or GRIN Watching Funny Kids Fails Compilation 2017 | Best Fails Vines of May 2017,1
MarkZ,TRY NOT TO LAUGH or GRIN: Funny Animals Vines Compilation 2017 | Funny Animals Fails Make us Laugh,1
MarkZ,Try Not To Laugh or Grin - Funny Kids Fails Vines Compilation 2016 (Part 14),1
MarkZ,TRY NOT TO LAUGH or GRIN: Funny Fails Compilation 2017 |  Best Fails Vines May 2017,1
MarkZ,You laugh you lose #16 - Try not to laugh challenge Dank Memes May 2017,1
MarkZ,Try Not To Laugh Funny Animals Vines - Best Vine Compilation 2017 | Funny Kids at the Zoo Edition,1
MarkZ,"If you don't laugh, you have no soul...",1
MarkZ,TRY NOT TO LAUGH or GRIN: Funny Kids Fails Compilation 2017 | Best Funny Kids Videos May 2017,1
MarkZ,Try Not To Laugh Watching Funny Fails Compilation March 2017 #4 - Co Vinesâœ”,1
MarkZ,TRY NOT TO LAUGH or GRIN: Funny Fails Compilation 2017 - Top 100 Funny Fails Vines Video Ever,1
MarkZ,Try Not To Laugh or Grin - BEST Facebook & Instagram Videos May 2017 | Funny Vines compilation 2017,1
MarkZ,TRY NOT TO LAUGH Funny Animals Vines Compilation - Best Funny Videos of Animals Doing Stupid Things,1
MarkZ,TRY NOT TO LAUGH or GRIN: Funny Kids Fails Compilation 2017 | Best Kids Fails Vines of May 2017,1
MarkZ,The Best Try Not To Laugh of May 2017 (Dank Memes Edition) Part 2,1
MarkZ,TRY NOT TO LAUGH or GRIN Funny Animals Doing Stupid Things #2 | Funny Animals Vines Compilation 2017,1
MarkZ,HARDEST VERSION AFV Try Not to Laugh or Grin While Watching Funniest Vines of best funny videos 2017,1
MarkZ,TRY NOT TO LAUGH or GRIN - Funny Fails Compilation 2017,1
MarkZ,Try Not To Laugh or Grin: Funny Vines Compilation 2017 | Best Facebook & Instagram Vines May 2017,1
MarkZ,Try to Watch This Without Laughing or Grinning #50 (REACT),1
MarkZ,TRY NOT TO LAUGH (IMPOSSIBLE CHALLENGE) PART 2,1
MarkZ,v_title,1
MarkZ,Caught My Girlfriend Cheating Prank!,1
MarkZ,THE BEST PRANK OF ALL TIME!!!,1
MarkZ,GIANT WUBBLE BUBBLE CAR PRANK!,1
MarkZ,CAUGHT CHEATING on my Girlfriend PRANK!,1
MarkZ,Naga Chaitanya Prank call to Samantha | Samantha`s epic punch | MUST WATCH | rarandoi veduka chuddam,1
MarkZ,CUTTING HEADPHONES AT GYM PRANK - 2017 Pranks,1
MarkZ,"CRAZY PRANK ON GIRLFRIEND!! (10,000 RED CUPS)",1
MarkZ,ITCHING BAIT PHONE PRANK!!,1
MarkZ,Break Up PRANK turns into PROPOSAL! GONE WRONG!,1
MarkZ,"DROPPING $100,000 PRANK!!",1
MarkZ,BREAKING UP WITH MY GIRLFRIEND *PRANK* GONE WRONG,1
MarkZ,My BRO has to STOP **PRANK!**,1
MarkZ,Asian Nintendo Switch Addiction Prank,1
MarkZ,Bait Backpack Water Balloon Prank,1
MarkZ,TATTOO PRANK!! (GONE WRONG),1
MarkZ,SHAMPOO PRANK PART 7! | HoomanTV,1
MarkZ,GOLD DIGGER PRANK PART 1! | HoomanTV,1
MarkZ,BLINDFOLD PRANK ON MY GIRLFRIEND,1
MarkZ,GOLD DIGGER PRANK PART 3! | HoomanTV,1
MarkZ,CRAZY SNAKE PRANK ON GIRLFRIEND!!!,1
MarkZ,WE GOT JAKE PAUL ARRESTED! *PRANK WARS*,1
MarkZ,Bait Backpack Prank,1
MarkZ,Old Man Street Workout Prank | Muscle Madness,0
MarkZ,GOLD DIGGER PRANK PART 2! | HoomanTV,0
MarkZ,ðŸ‘‘ Tying Peoples Shoes and Stealing their Stuff Prank,0
MarkZ,Kissing Prank - Socks EDITION - Prank Invasion 2017,0
MarkZ,FUNNY PRANKS!! ROOMMATE WARS!! Alisha Marie,0
MarkZ,Headless man Prank part 2 (slaughter version)- Julien magic,0
MarkZ,PIZZA DELIVERY PRANK ON MY GIRLFRIEND'S STALKER (GONE WRONG!!!),0
MarkZ,MOR FORELSKET I ALBERT! (PRANK),0
MarkZ,we got KICKED OUT of our home! (PRANK WARS),0
MarkZ,Killer Clown 9 Scare Prank - Shadow Plays,0
MarkZ,SLIME PRANK ON BROTHERS CAR!,0
MarkZ,Bought Fake Louis Vuitton Prank/Gold Digger Test!,0
MarkZ,PRANK ARAB BOMB 2017,0
MarkZ,| Airport Sending Prank | Flight is Ready By Nadir Ali in P4 Pakao,0
MarkZ,SHAMPOO PRANK PART 9! | HoomanTV,0
MarkZ,THE WORST PRANK OF ALL TIME!!!! (EPIC FAIL),0
MarkZ,I WANT TO MAKE A BABY WITH YOU PRANK!! (CRYING),0
MarkZ,Spiderman Prank Joker into a Lake Elsa Love Superman Pregnant Doctor Injections Anna Superhero funny,0
MarkZ,DJANI LYRICS PRANK NA MOJOJ BIVSOJ DJEVOJCI !,0
MarkZ,1 MILLION ORBEEZ IN GIRLFRIEND'S CAR PRANK!,0
MarkZ,FIDGET SPINNER IN HAPPY MEAL PRANK,0
MarkZ,Best Prank Vines Compilation | Top Pranks Vines April 2016,0
MarkZ,TYVERI PRANK PÃ… KRISTIAN,0
MarkZ,PRANK VOLER LA VOITURE DES GENS,0
MarkZ,Epic Prank Compilation: Parents Prank Kids,0
MarkZ,10 PRANK SERU YG GAMPANG DILAKUKAN DI RUMAH TAPI BIKIN KESEL BANGET!!!,1
